--
-- PostgreSQL database dump
--

-- Dumped from database version 14.5
-- Dumped by pg_dump version 14.5

-- Started on 2022-12-15 17:03:22

SET statement_timeout = 0;
SET lock_timeout = 0;
SET idle_in_transaction_session_timeout = 0;
SET client_encoding = 'UTF8';
SET standard_conforming_strings = on;
SELECT pg_catalog.set_config('search_path', '', false);
SET check_function_bodies = false;
SET xmloption = content;
SET client_min_messages = warning;
SET row_security = off;

SET default_tablespace = '';

SET default_table_access_method = heap;

--
-- TOC entry 210 (class 1259 OID 42017)
-- Name: category; Type: TABLE; Schema: public; Owner: postgres
--

CREATE TABLE public.category (
    id integer NOT NULL,
    name character varying(255)
);


ALTER TABLE public.category OWNER TO postgres;

--
-- TOC entry 209 (class 1259 OID 42016)
-- Name: category_id_seq; Type: SEQUENCE; Schema: public; Owner: postgres
--

ALTER TABLE public.category ALTER COLUMN id ADD GENERATED BY DEFAULT AS IDENTITY (
    SEQUENCE NAME public.category_id_seq
    START WITH 1
    INCREMENT BY 1
    NO MINVALUE
    NO MAXVALUE
    CACHE 1
);


--
-- TOC entry 212 (class 1259 OID 42023)
-- Name: image; Type: TABLE; Schema: public; Owner: postgres
--

CREATE TABLE public.image (
    id integer NOT NULL,
    file_name character varying(255),
    product_id integer NOT NULL
);


ALTER TABLE public.image OWNER TO postgres;

--
-- TOC entry 211 (class 1259 OID 42022)
-- Name: image_id_seq; Type: SEQUENCE; Schema: public; Owner: postgres
--

ALTER TABLE public.image ALTER COLUMN id ADD GENERATED BY DEFAULT AS IDENTITY (
    SEQUENCE NAME public.image_id_seq
    START WITH 1
    INCREMENT BY 1
    NO MINVALUE
    NO MAXVALUE
    CACHE 1
);


--
-- TOC entry 214 (class 1259 OID 42029)
-- Name: orders; Type: TABLE; Schema: public; Owner: postgres
--

CREATE TABLE public.orders (
    id integer NOT NULL,
    count integer NOT NULL,
    date_time timestamp without time zone,
    number character varying(255),
    price real NOT NULL,
    status integer,
    person_id integer NOT NULL,
    product_id integer NOT NULL
);


ALTER TABLE public.orders OWNER TO postgres;

--
-- TOC entry 213 (class 1259 OID 42028)
-- Name: orders_id_seq; Type: SEQUENCE; Schema: public; Owner: postgres
--

ALTER TABLE public.orders ALTER COLUMN id ADD GENERATED BY DEFAULT AS IDENTITY (
    SEQUENCE NAME public.orders_id_seq
    START WITH 1
    INCREMENT BY 1
    NO MINVALUE
    NO MAXVALUE
    CACHE 1
);


--
-- TOC entry 216 (class 1259 OID 42035)
-- Name: person; Type: TABLE; Schema: public; Owner: postgres
--

CREATE TABLE public.person (
    id integer NOT NULL,
    login character varying(50),
    password character varying(255),
    role character varying(255)
);


ALTER TABLE public.person OWNER TO postgres;

--
-- TOC entry 215 (class 1259 OID 42034)
-- Name: person_id_seq; Type: SEQUENCE; Schema: public; Owner: postgres
--

ALTER TABLE public.person ALTER COLUMN id ADD GENERATED BY DEFAULT AS IDENTITY (
    SEQUENCE NAME public.person_id_seq
    START WITH 1
    INCREMENT BY 1
    NO MINVALUE
    NO MAXVALUE
    CACHE 1
);


--
-- TOC entry 218 (class 1259 OID 42043)
-- Name: product; Type: TABLE; Schema: public; Owner: postgres
--

CREATE TABLE public.product (
    id integer NOT NULL,
    date_time_of_created timestamp without time zone,
    description text NOT NULL,
    price real NOT NULL,
    seller character varying(255) NOT NULL,
    title text NOT NULL,
    warehouse character varying(255) NOT NULL,
    category_id integer NOT NULL,
    CONSTRAINT product_price_check CHECK ((price >= (1)::double precision))
);


ALTER TABLE public.product OWNER TO postgres;

--
-- TOC entry 220 (class 1259 OID 42052)
-- Name: product_cart; Type: TABLE; Schema: public; Owner: postgres
--

CREATE TABLE public.product_cart (
    id integer NOT NULL,
    person_id integer,
    product_id integer
);


ALTER TABLE public.product_cart OWNER TO postgres;

--
-- TOC entry 219 (class 1259 OID 42051)
-- Name: product_cart_id_seq; Type: SEQUENCE; Schema: public; Owner: postgres
--

ALTER TABLE public.product_cart ALTER COLUMN id ADD GENERATED BY DEFAULT AS IDENTITY (
    SEQUENCE NAME public.product_cart_id_seq
    START WITH 1
    INCREMENT BY 1
    NO MINVALUE
    NO MAXVALUE
    CACHE 1
);


--
-- TOC entry 217 (class 1259 OID 42042)
-- Name: product_id_seq; Type: SEQUENCE; Schema: public; Owner: postgres
--

ALTER TABLE public.product ALTER COLUMN id ADD GENERATED BY DEFAULT AS IDENTITY (
    SEQUENCE NAME public.product_id_seq
    START WITH 1
    INCREMENT BY 1
    NO MINVALUE
    NO MAXVALUE
    CACHE 1
);


--
-- TOC entry 3350 (class 0 OID 42017)
-- Dependencies: 210
-- Data for Name: category; Type: TABLE DATA; Schema: public; Owner: postgres
--

INSERT INTO public.category (id, name) VALUES (1, 'Кулоны');
INSERT INTO public.category (id, name) VALUES (2, 'Кольца');
INSERT INTO public.category (id, name) VALUES (3, 'Серьги');


--
-- TOC entry 3352 (class 0 OID 42023)
-- Dependencies: 212
-- Data for Name: image; Type: TABLE DATA; Schema: public; Owner: postgres
--

INSERT INTO public.image (id, file_name, product_id) VALUES (11, 'be2d6dcb-64cb-4b07-9e68-6afb14d29b40.1.jpg', 3);
INSERT INTO public.image (id, file_name, product_id) VALUES (12, '577d8308-3477-41ea-9c7b-639d860c152b.2.jpg', 3);
INSERT INTO public.image (id, file_name, product_id) VALUES (13, 'ae0ec651-ea53-4643-a3cf-5aef7b3fa3d6.3.jpg', 3);
INSERT INTO public.image (id, file_name, product_id) VALUES (14, '6b306ff5-d022-4bb2-bd9b-422748261f6f.4.jpg', 3);
INSERT INTO public.image (id, file_name, product_id) VALUES (15, 'f3999448-a87f-4a51-86d2-14f89a5521be.5.jpg', 3);
INSERT INTO public.image (id, file_name, product_id) VALUES (16, 'ed7d0a45-6c2b-4f62-a306-335dac5ef124.1.jpg', 4);
INSERT INTO public.image (id, file_name, product_id) VALUES (17, 'e827e91c-454d-4f8e-839c-91d8198f9579.2.jpg', 4);
INSERT INTO public.image (id, file_name, product_id) VALUES (18, '849ba8fb-ef22-4595-ad35-a7e72d4d566a.3.jpg', 4);
INSERT INTO public.image (id, file_name, product_id) VALUES (19, '5b1c8a02-fde8-4a5e-813f-e29513794f13.4.jpg', 4);
INSERT INTO public.image (id, file_name, product_id) VALUES (20, '3b495bce-a591-4b97-a9a0-8e80f203d4f8.5.jpg', 4);
INSERT INTO public.image (id, file_name, product_id) VALUES (21, '654ae42d-8c21-4ebc-8a20-08f1ee8fb2fd.1.jpg', 5);
INSERT INTO public.image (id, file_name, product_id) VALUES (22, 'f64ca83b-0534-456f-bcf6-f3115f035c54.2.jpg', 5);
INSERT INTO public.image (id, file_name, product_id) VALUES (23, '33424a27-9061-437b-9c4a-93e6d12e9b06.3.jpg', 5);
INSERT INTO public.image (id, file_name, product_id) VALUES (24, '57f20468-2163-4026-82d6-1f468e31c652.4.jpg', 5);
INSERT INTO public.image (id, file_name, product_id) VALUES (25, 'de8ffbdd-b132-441f-8d95-0b8b0bba3c7d.5.jpg', 5);
INSERT INTO public.image (id, file_name, product_id) VALUES (26, 'bd3d24d2-b2db-4635-862d-6b4cd16c30dc.1.jpg', 6);
INSERT INTO public.image (id, file_name, product_id) VALUES (27, 'b2af9d91-f21c-4d73-99bf-297a83109387.2.jpg', 6);
INSERT INTO public.image (id, file_name, product_id) VALUES (28, '53cdd354-ba76-4548-a565-b3d4c35cec5f.3.jpg', 6);
INSERT INTO public.image (id, file_name, product_id) VALUES (29, '0e0ea4eb-7b16-4f1c-9176-a0f0e439ca7b.4.jpg', 6);
INSERT INTO public.image (id, file_name, product_id) VALUES (30, '98b496f9-b95c-4510-bcb9-691b28482571.5.jpg', 6);
INSERT INTO public.image (id, file_name, product_id) VALUES (31, '081a8d5c-ac98-4344-a5d0-cc9a8db6d469.1.jpg', 7);
INSERT INTO public.image (id, file_name, product_id) VALUES (32, 'a4c59223-ccf0-4b0f-a824-8ab3925a0d16.2.jpg', 7);
INSERT INTO public.image (id, file_name, product_id) VALUES (33, '95c5cf9e-2c97-4695-98e9-0616e0c7ecc6.3.jpg', 7);
INSERT INTO public.image (id, file_name, product_id) VALUES (34, 'cac72355-2803-4273-a1b0-296b9e979504.4.jpg', 7);
INSERT INTO public.image (id, file_name, product_id) VALUES (35, '08e2187f-27cc-4699-8827-6a484672dd8c.5.jpg', 7);
INSERT INTO public.image (id, file_name, product_id) VALUES (36, 'a18b8b6d-d821-48f6-af0c-ae09973ac82a.1.jpg', 8);
INSERT INTO public.image (id, file_name, product_id) VALUES (37, 'c39dfaba-e8fa-4f92-af9b-fd3b08ae0c8f.2.jpg', 8);
INSERT INTO public.image (id, file_name, product_id) VALUES (38, '75958bce-f912-4cc3-9b38-7430df249bf0.3.jpg', 8);
INSERT INTO public.image (id, file_name, product_id) VALUES (39, '88f62d4c-f87e-4afb-89cc-fd94769e555d.4.jpg', 8);
INSERT INTO public.image (id, file_name, product_id) VALUES (40, 'f4ac3305-c7e7-4eac-8010-457d9ae06812.5.jpg', 8);
INSERT INTO public.image (id, file_name, product_id) VALUES (46, '8524f066-c44b-4a40-98ed-112929d585c7.1.jpg', 10);
INSERT INTO public.image (id, file_name, product_id) VALUES (47, '8d866713-f4a1-4d36-bf20-f0cd869dd11a.2.jpg', 10);
INSERT INTO public.image (id, file_name, product_id) VALUES (48, 'eeb85cde-3133-4a71-a5c9-522b5bd31622.3.jpg', 10);
INSERT INTO public.image (id, file_name, product_id) VALUES (49, 'a89479c9-e9ef-4f07-a237-f89392f74b4a.4.jpg', 10);
INSERT INTO public.image (id, file_name, product_id) VALUES (50, '9c7d8a2f-a2f1-4d08-9c40-c38fd5a250fc.5.jpg', 10);
INSERT INTO public.image (id, file_name, product_id) VALUES (51, 'c7749557-2b41-44e5-a36c-407c8939d481.1.jpg', 11);
INSERT INTO public.image (id, file_name, product_id) VALUES (52, '14740188-8316-44f5-bd0d-e44c2067e812.2.jpg', 11);
INSERT INTO public.image (id, file_name, product_id) VALUES (53, '66569c9e-0630-42be-afab-3ee7e7c1bbb4.3.jpg', 11);
INSERT INTO public.image (id, file_name, product_id) VALUES (54, '31476549-22d7-44ab-aa6f-a4feafd653aa.4.jpg', 11);
INSERT INTO public.image (id, file_name, product_id) VALUES (55, '352f2536-b911-46bf-870a-318b8a6940b6.5.jpg', 11);
INSERT INTO public.image (id, file_name, product_id) VALUES (56, 'a1baacdb-16c5-4178-942a-0af327a08b15.1.jpg', 12);
INSERT INTO public.image (id, file_name, product_id) VALUES (57, '22b81550-2189-4a02-909a-778545e580ff.2.jpg', 12);
INSERT INTO public.image (id, file_name, product_id) VALUES (58, 'f427d336-6a7e-424b-8f8b-30b430d0ca13.3.jpg', 12);
INSERT INTO public.image (id, file_name, product_id) VALUES (59, '87d4b70e-3956-4548-9d83-b5354a084aca.4.jpg', 12);
INSERT INTO public.image (id, file_name, product_id) VALUES (60, '331717a8-c9f1-4ddf-849d-f57aa5eaf833.5.jpg', 12);


--
-- TOC entry 3354 (class 0 OID 42029)
-- Dependencies: 214
-- Data for Name: orders; Type: TABLE DATA; Schema: public; Owner: postgres
--

INSERT INTO public.orders (id, count, date_time, number, price, status, person_id, product_id) VALUES (8, 1, '2022-12-15 14:24:36.483611', '3022238e-76ad-4e6d-bb1c-c6c0552821cc', 4610, 3, 1, 10);


--
-- TOC entry 3356 (class 0 OID 42035)
-- Dependencies: 216
-- Data for Name: person; Type: TABLE DATA; Schema: public; Owner: postgres
--

INSERT INTO public.person (id, login, password, role) VALUES (2, 'admin', '$2a$10$sEHZLRvc8ybLecqw.WzHren.esXh.HTvcal31Rb0UIIOoZAlvoAgu', 'ROLE_ADMIN');
INSERT INTO public.person (id, login, password, role) VALUES (1, 'Fenix_1', '$2a$10$fagWZuAhENCrH.xY0BSYtezmBPZ1fcrP6.WCN5Yxjvfr1XZD1HeSm', 'ROLE_USER');
INSERT INTO public.person (id, login, password, role) VALUES (4, 'user_test', '$2a$10$6o19KF0jOlhprrGL1a7nM.onLK1GV9KkdgxLbiUbSt55x1SaIcr8G', 'ROLE_USER');


--
-- TOC entry 3358 (class 0 OID 42043)
-- Dependencies: 218
-- Data for Name: product; Type: TABLE DATA; Schema: public; Owner: postgres
--

INSERT INTO public.product (id, date_time_of_created, description, price, seller, title, warehouse, category_id) VALUES (3, '2022-12-15 12:13:53.821475', 'Фэнтезийный кулон из титана с символикой "Властелина колец"  с внешней матовой обработкой. Цвет: бирюзовый с зеленым. Размер: около 30*22 мм', 6030, 'LegenTi', 'Титановый подвес "Иггдрасиль"', 'LegenTi', 1);
INSERT INTO public.product (id, date_time_of_created, description, price, seller, title, warehouse, category_id) VALUES (4, '2022-12-15 12:14:43.220268', '"Ржавый" - это цвет, состоящий из непредсказуемых переливов бронзового, фиолетового и сине-голубого цветов. Ввиду особенностей ручной работы, а так-же изменения цвета, размера, материала и ширины украшения, оно может получиться отличным от представленных на фото. Внутри кольца всегда совершенно случайный цвет.
', 3590, 'LegenTi', 'Титановое кольцо "Валькирия"', 'LegenTi', 2);
INSERT INTO public.product (id, date_time_of_created, description, price, seller, title, warehouse, category_id) VALUES (5, '2022-12-15 12:15:49.006054', 'Ширина:10 мм. Цвет: голубой с синим. Внешняя обработка: черный фактурный. Материал: Титан. Каждое изделие полностью изготавливается руками наших мастеров, начиная от самой идеи, заканчивая воплощением этой идеи в титане!', 8350, 'LegenTi', 'Титановое кольцо "Лава"', 'LegenTi', 2);
INSERT INTO public.product (id, date_time_of_created, description, price, seller, title, warehouse, category_id) VALUES (6, '2022-12-15 12:16:35.988513', 'Инкрустация: фианит. Мы также можем сами подобрать камень в цвет гравировки изделия, для подробностей пишите нашим администраторам. Если Вы забыли выбрать желаемый цвет фианита, и не указали его в комментарии к заказу, то мастер сам подберет цвет камня подходящий к цвету кольца.', 12690, 'LegenTi', 'Титановое кольцо "Сердце Дракона"', 'LegenTi', 2);
INSERT INTO public.product (id, date_time_of_created, description, price, seller, title, warehouse, category_id) VALUES (7, '2022-12-15 12:19:08.205211', 'Серьги могут быть выполнены в зеленых, синих или красных тонах. Материал: титан. Крепление: серебряные швенцы. Внешняя обработка: глянец', 8860, 'LegenTi', 'Титановые серьги-подвески "Очарование Леса"', 'LegenTi', 3);
INSERT INTO public.product (id, date_time_of_created, description, price, seller, title, warehouse, category_id) VALUES (8, '2022-12-15 12:19:56.635518', 'Серьги-гвоздики изготавливаются в формате накруток со стандартной резьбой и комплектуются лабретом, длиной штанги 6мм. Приблизительный размер 19*5 мм. Внешняя обработка: глянец. Цвет: золотой, фиолетовый, синий.', 3840, 'LegenTi', 'Титановая серьга-гвоздик "Перышко"', 'LegenTi', 3);
INSERT INTO public.product (id, date_time_of_created, description, price, seller, title, warehouse, category_id) VALUES (11, '2022-12-15 14:20:03.8841', ': Размер: приблизительно 35*25 мм. Внешняя обработка: глянец. Выполнено из высококачественного титана.Ввиду особенностей ручной работы, а так-же изменения цвета, размера, материала и ширины украшения, оно может получиться отличным от представленных на фото.', 8210, 'LegenTi', 'Титановые серьги-подвески "Пламенный Всполох"', 'LegenTi', 3);
INSERT INTO public.product (id, date_time_of_created, description, price, seller, title, warehouse, category_id) VALUES (10, NULL, 'Кулон из титана с чернением полностью ручной работы по индивидуальному заказу. Размер: приблизительно 40*20 мм. Материал: Титан. Внешняя обработка: матовая поверхность.', 18000, 'LegenTi', 'Титановый подвес "Черное солнце"', 'LegenTi', 1);
INSERT INTO public.product (id, date_time_of_created, description, price, seller, title, warehouse, category_id) VALUES (12, '2022-12-15 14:27:47.78575', 'Кулон из титана ', 5570, 'LegenTi', 'Титановый подвес "Руна"', 'LegenTi', 1);


--
-- TOC entry 3360 (class 0 OID 42052)
-- Dependencies: 220
-- Data for Name: product_cart; Type: TABLE DATA; Schema: public; Owner: postgres
--



--
-- TOC entry 3366 (class 0 OID 0)
-- Dependencies: 209
-- Name: category_id_seq; Type: SEQUENCE SET; Schema: public; Owner: postgres
--

SELECT pg_catalog.setval('public.category_id_seq', 3, true);


--
-- TOC entry 3367 (class 0 OID 0)
-- Dependencies: 211
-- Name: image_id_seq; Type: SEQUENCE SET; Schema: public; Owner: postgres
--

SELECT pg_catalog.setval('public.image_id_seq', 60, true);


--
-- TOC entry 3368 (class 0 OID 0)
-- Dependencies: 213
-- Name: orders_id_seq; Type: SEQUENCE SET; Schema: public; Owner: postgres
--

SELECT pg_catalog.setval('public.orders_id_seq', 8, true);


--
-- TOC entry 3369 (class 0 OID 0)
-- Dependencies: 215
-- Name: person_id_seq; Type: SEQUENCE SET; Schema: public; Owner: postgres
--

SELECT pg_catalog.setval('public.person_id_seq', 4, true);


--
-- TOC entry 3370 (class 0 OID 0)
-- Dependencies: 219
-- Name: product_cart_id_seq; Type: SEQUENCE SET; Schema: public; Owner: postgres
--

SELECT pg_catalog.setval('public.product_cart_id_seq', 8, true);


--
-- TOC entry 3371 (class 0 OID 0)
-- Dependencies: 217
-- Name: product_id_seq; Type: SEQUENCE SET; Schema: public; Owner: postgres
--

SELECT pg_catalog.setval('public.product_id_seq', 12, true);


--
-- TOC entry 3191 (class 2606 OID 42021)
-- Name: category category_pkey; Type: CONSTRAINT; Schema: public; Owner: postgres
--

ALTER TABLE ONLY public.category
    ADD CONSTRAINT category_pkey PRIMARY KEY (id);


--
-- TOC entry 3193 (class 2606 OID 42027)
-- Name: image image_pkey; Type: CONSTRAINT; Schema: public; Owner: postgres
--

ALTER TABLE ONLY public.image
    ADD CONSTRAINT image_pkey PRIMARY KEY (id);


--
-- TOC entry 3195 (class 2606 OID 42033)
-- Name: orders orders_pkey; Type: CONSTRAINT; Schema: public; Owner: postgres
--

ALTER TABLE ONLY public.orders
    ADD CONSTRAINT orders_pkey PRIMARY KEY (id);


--
-- TOC entry 3197 (class 2606 OID 42041)
-- Name: person person_pkey; Type: CONSTRAINT; Schema: public; Owner: postgres
--

ALTER TABLE ONLY public.person
    ADD CONSTRAINT person_pkey PRIMARY KEY (id);


--
-- TOC entry 3203 (class 2606 OID 42056)
-- Name: product_cart product_cart_pkey; Type: CONSTRAINT; Schema: public; Owner: postgres
--

ALTER TABLE ONLY public.product_cart
    ADD CONSTRAINT product_cart_pkey PRIMARY KEY (id);


--
-- TOC entry 3199 (class 2606 OID 42050)
-- Name: product product_pkey; Type: CONSTRAINT; Schema: public; Owner: postgres
--

ALTER TABLE ONLY public.product
    ADD CONSTRAINT product_pkey PRIMARY KEY (id);


--
-- TOC entry 3201 (class 2606 OID 42058)
-- Name: product uk_qka6vxqdy1dprtqnx9trdd47c; Type: CONSTRAINT; Schema: public; Owner: postgres
--

ALTER TABLE ONLY public.product
    ADD CONSTRAINT uk_qka6vxqdy1dprtqnx9trdd47c UNIQUE (title);


--
-- TOC entry 3205 (class 2606 OID 42064)
-- Name: orders fk1b0m4muwx1t377w9if3w6wwqn; Type: FK CONSTRAINT; Schema: public; Owner: postgres
--

ALTER TABLE ONLY public.orders
    ADD CONSTRAINT fk1b0m4muwx1t377w9if3w6wwqn FOREIGN KEY (person_id) REFERENCES public.person(id);


--
-- TOC entry 3207 (class 2606 OID 42074)
-- Name: product fk1mtsbur82frn64de7balymq9s; Type: FK CONSTRAINT; Schema: public; Owner: postgres
--

ALTER TABLE ONLY public.product
    ADD CONSTRAINT fk1mtsbur82frn64de7balymq9s FOREIGN KEY (category_id) REFERENCES public.category(id);


--
-- TOC entry 3206 (class 2606 OID 42069)
-- Name: orders fk787ibr3guwp6xobrpbofnv7le; Type: FK CONSTRAINT; Schema: public; Owner: postgres
--

ALTER TABLE ONLY public.orders
    ADD CONSTRAINT fk787ibr3guwp6xobrpbofnv7le FOREIGN KEY (product_id) REFERENCES public.product(id);


--
-- TOC entry 3204 (class 2606 OID 42059)
-- Name: image fkgpextbyee3uk9u6o2381m7ft1; Type: FK CONSTRAINT; Schema: public; Owner: postgres
--

ALTER TABLE ONLY public.image
    ADD CONSTRAINT fkgpextbyee3uk9u6o2381m7ft1 FOREIGN KEY (product_id) REFERENCES public.product(id);


--
-- TOC entry 3209 (class 2606 OID 42084)
-- Name: product_cart fkhpnrxdy3jhujameyod08ilvvw; Type: FK CONSTRAINT; Schema: public; Owner: postgres
--

ALTER TABLE ONLY public.product_cart
    ADD CONSTRAINT fkhpnrxdy3jhujameyod08ilvvw FOREIGN KEY (product_id) REFERENCES public.product(id);


--
-- TOC entry 3208 (class 2606 OID 42079)
-- Name: product_cart fksgnkc1ko2i1o9yr2p63ysq3rn; Type: FK CONSTRAINT; Schema: public; Owner: postgres
--

ALTER TABLE ONLY public.product_cart
    ADD CONSTRAINT fksgnkc1ko2i1o9yr2p63ysq3rn FOREIGN KEY (person_id) REFERENCES public.person(id);


-- Completed on 2022-12-15 17:03:23

--
-- PostgreSQL database dump complete
--

